{
    "baseline": 0.0,
    
    "pitch": 0.0,
    "roll": 0.0,
    "yaw": -0.0,
    
    "x": 0.0,
    "y": 0.0,
    "z": 1.5,

    "fx": 560.1915283203125,
    "fy": 560.1915283203125,
    "cx": 490.475341796875,
    "cy": 296.8459777832031

}
